postcode,dwellings
"2000, NSW",624
"2006, NSW",5
"2007, NSW",484
"2008, NSW",1176
"2009, NSW",361
"2010, NSW",3905
"2011, NSW",819
"2015, NSW",1858
"2016, NSW",2162
"2017, NSW",1129
"2018, NSW",2427
"2019, NSW",2279
"2020, NSW",2272
"2021, NSW",4505
"2022, NSW",2474
"2023, NSW",1939
"2024, NSW",2327
"2025, NSW",1898
"2026, NSW",4126
"2027, NSW",920
"2028, NSW",626
"2029, NSW",1404
"2030, NSW",3594
"2031, NSW",5070
"2032, NSW",3228
"2033, NSW",1364
"2034, NSW",2775
"2035, NSW",7776
"2036, NSW",6465
"2037, NSW",3864
"2038, NSW",2878
"2039, NSW",2439
"2040, NSW",7052
"2041, NSW",4901
"2042, NSW",5369
"2043, NSW",1680
"2044, NSW",2650
"2045, NSW",2232
"2046, NSW",6730
"2047, NSW",2594
"2048, NSW",2155
"2049, NSW",2652
"2050, NSW",1070
"2052, NSW",4
"2060, NSW",1932
"2061, NSW",381
"2062, NSW",1344
"2063, NSW",1842
"2064, NSW",1208
"2065, NSW",4906
"2066, NSW",6524
"2067, NSW",4081
"2068, NSW",4841
"2069, NSW",4143
"2070, NSW",3415
"2071, NSW",3283
"2072, NSW",1740
"2073, NSW",4926
"2074, NSW",6582
"2075, NSW",5812
"2076, NSW",7201
"2077, NSW",7748
"2079, NSW",2389
"2080, NSW",582
"2081, NSW",1713
"2082, NSW",2088
"2083, NSW",746
"2084, NSW",1132
"2085, NSW",3698
"2086, NSW",4422
"2087, NSW",3932
"2088, NSW",6313
"2089, NSW",1711
"2090, NSW",2071
"2092, NSW",2229
"2093, NSW",5526
"2094, NSW",1190
"2095, NSW",1986
"2096, NSW",2707
"2097, NSW",3797
"2099, NSW",7405
"2100, NSW",6021
"2101, NSW",4743
"2102, NSW",2008
"2103, NSW",2818
"2104, NSW",1040
"2105, NSW",783
"2106, NSW",2704
"2107, NSW",5307
"2108, NSW",1360
"2109, NSW",100
"2110, NSW",2824
"2111, NSW",3609
"2112, NSW",7910
"2113, NSW",4725
"2114, NSW",4805
"2115, NSW",3150
"2116, NSW",1934
"2117, NSW",6061
"2118, NSW",6612
"2119, NSW",3629
"2120, NSW",6547
"2121, NSW",7000
"2122, NSW",8295
"2125, NSW",5222
"2126, NSW",5976
"2127, NSW",1140
"2128, NSW",343
"2129, NSW",0
"2130, NSW",1236
"2131, NSW",3330
"2132, NSW",2793
"2133, NSW",3063
"2134, NSW",2229
"2135, NSW",4735
"2136, NSW",2016
"2137, NSW",5671
"2138, NSW",2553
"2139, NSW",0
"2140, NSW",1367
"2141, NSW",6603
"2142, NSW",4518
"2143, NSW",2121
"2144, NSW",5902
"2145, NSW",20370
"2146, NSW",5221
"2147, NSW",12369
"2148, NSW",18601
"2150, NSW",1916
"2151, NSW",4729
"2152, NSW",3081
"2153, NSW",17358
"2154, NSW",11415
"2155, NSW",13012
"2156, NSW",4059
"2157, NSW",1236
"2158, NSW",2622
"2159, NSW",1595
"2160, NSW",8335
"2161, NSW",7670
"2162, NSW",5350
"2163, NSW",2120
"2164, NSW",5983
"2165, NSW",10464
"2166, NSW",12478
"2167, NSW",2590
"2168, NSW",11975
"2170, NSW",25830
"2171, NSW",6919
"2172, NSW",672
"2173, NSW",4200
"2174, NSW",158
"2175, NSW",595
"2176, NSW",13655
"2177, NSW",4482
"2178, NSW",1514
"2179, NSW",1723
"2190, NSW",7324
"2191, NSW",2088
"2192, NSW",2914
"2193, NSW",3873
"2194, NSW",3093
"2195, NSW",2885
"2196, NSW",7859
"2197, NSW",2534
"2198, NSW",2831
"2199, NSW",4799
"2200, NSW",7760
"2203, NSW",2658
"2204, NSW",6052
"2205, NSW",2717
"2206, NSW",6271
"2207, NSW",8028
"2208, NSW",3971
"2209, NSW",4347
"2210, NSW",8775
"2211, NSW",5377
"2212, NSW",4861
"2213, NSW",7285
"2214, NSW",1326
"2216, NSW",4767
"2217, NSW",5186
"2218, NSW",2581
"2219, NSW",4064
"2220, NSW",5174
"2221, NSW",5116
"2222, NSW",2517
"2223, NSW",5511
"2224, NSW",4616
"2225, NSW",1835
"2226, NSW",3911
"2227, NSW",4504
"2228, NSW",4873
"2229, NSW",8617
"2230, NSW",6122
"2231, NSW",791
"2232, NSW",9093
"2233, NSW",9391
"2234, NSW",9451
"2250, NSW",23697
"2251, NSW",13812
"2256, NSW",6740
"2257, NSW",12433
"2258, NSW",1837
"2259, NSW",20657
"2260, NSW",8638
"2261, NSW",19686
"2262, NSW",8304
"2263, NSW",10094
"2264, NSW",5889
"2265, NSW",1741
"2267, NSW",1249
"2278, NSW",919
"2280, NSW",9824
"2281, NSW",5872
"2282, NSW",5739
"2283, NSW",9444
"2284, NSW",4029
"2285, NSW",10084
"2286, NSW",1271
"2287, NSW",12435
"2289, NSW",7247
"2290, NSW",12084
"2291, NSW",4709
"2292, NSW",1058
"2293, NSW",941
"2294, NSW",823
"2295, NSW",2394
"2296, NSW",716
"2297, NSW",713
"2298, NSW",3566
"2299, NSW",4072
"2300, NSW",2504
"2302, NSW",51
"2303, NSW",3196
"2304, NSW",6007
"2305, NSW",4573
"2306, NSW",1273
"2307, NSW",1564
"2308, NSW",0
"2311, NSW",456
"2312, NSW",621
"2314, NSW",0
"2315, NSW",6551
"2316, NSW",2406
"2317, NSW",2810
"2318, NSW",4134
"2319, NSW",2909
"2320, NSW",10944
"2321, NSW",4074
"2322, NSW",6141
"2323, NSW",9182
"2324, NSW",9930
"2325, NSW",10324
"2326, NSW",2744
"2327, NSW",3012
"2328, NSW",984
"2329, NSW",1103
"2330, NSW",7589
"2333, NSW",5066
"2334, NSW",943
"2335, NSW",2013
"2336, NSW",943
"2337, NSW",3175
"2338, NSW",806
"2339, NSW",348
"2340, NSW",17308
"2341, NSW",847
"2342, NSW",264
"2343, NSW",2106
"2344, NSW",311
"2345, NSW",316
"2346, NSW",1245
"2347, NSW",969
"2350, NSW",9238
"2351, NSW",0
"2352, NSW",1103
"2353, NSW",388
"2354, NSW",1733
"2355, NSW",399
"2357, NSW",1898
"2358, NSW",1686
"2359, NSW",280
"2360, NSW",5722
"2361, NSW",413
"2365, NSW",1477
"2369, NSW",467
"2370, NSW",3567
"2371, NSW",394
"2372, NSW",2412
"2380, NSW",3923
"2381, NSW",764
"2382, NSW",519
"2386, NSW",180
"2388, NSW",1357
"2390, NSW",3104
"2395, NSW",404
"2396, NSW",543
"2397, NSW",189
"2399, NSW",396
"2400, NSW",4008
"2401, NSW",152
"2402, NSW",957
"2403, NSW",251
"2404, NSW",895
"2405, NSW",242
"2406, NSW",372
"2408, NSW",246
"2409, NSW",391
"2410, NSW",191
"2415, NSW",151
"2420, NSW",1916
"2421, NSW",625
"2422, NSW",2551
"2423, NSW",1604
"2424, NSW",261
"2425, NSW",727
"2426, NSW",241
"2427, NSW",1336
"2428, NSW",10730
"2429, NSW",4009
"2430, NSW",13383
"2431, NSW",2433
"2439, NSW",1015
"2440, NSW",8810
"2441, NSW",2648
"2443, NSW",4064
"2444, NSW",16157
"2445, NSW",2396
"2446, NSW",4981
"2447, NSW",3014
"2448, NSW",3768
"2449, NSW",1005
"2450, NSW",13982
"2452, NSW",5921
"2453, NSW",1317
"2454, NSW",3086
"2455, NSW",1224
"2456, NSW",5511
"2460, NSW",11310
"2462, NSW",1229
"2463, NSW",3076
"2464, NSW",3059
"2465, NSW",158
"2466, NSW",882
"2469, NSW",1923
"2470, NSW",5589
"2471, NSW",966
"2472, NSW",751
"2473, NSW",1272
"2474, NSW",2909
"2475, NSW",227
"2476, NSW",460
"2477, NSW",4267
"2478, NSW",10009
"2479, NSW",1908
"2480, NSW",17297
"2481, NSW",4789
"2482, NSW",2472
"2483, NSW",4233
"2484, NSW",7271
"2485, NSW",4361
"2486, NSW",12457
"2487, NSW",3736
"2488, NSW",1239
"2489, NSW",2473
"2490, NSW",278
"2500, NSW",9054
"2502, NSW",4303
"2505, NSW",1723
"2506, NSW",2844
"2508, NSW",2991
"2515, NSW",3968
"2516, NSW",2101
"2517, NSW",4733
"2518, NSW",6737
"2519, NSW",5775
"2525, NSW",3604
"2526, NSW",5588
"2527, NSW",7041
"2528, NSW",8903
"2529, NSW",7843
"2530, NSW",10496
"2533, NSW",6018
"2534, NSW",2305
"2535, NSW",3371
"2536, NSW",9544
"2537, NSW",6551
"2538, NSW",926
"2539, NSW",10574
"2541, NSW",9492
"2545, NSW",604
"2546, NSW",4867
"2548, NSW",3300
"2549, NSW",1481
"2550, NSW",6858
"2551, NSW",1536
"2555, NSW",143
"2556, NSW",736
"2557, NSW",1199
"2558, NSW",3616
"2559, NSW",1096
"2560, NSW",24203
"2563, NSW",78
"2564, NSW",4665
"2565, NSW",5935
"2566, NSW",7587
"2567, NSW",10930
"2568, NSW",313
"2569, NSW",441
"2570, NSW",9780
"2571, NSW",3578
"2572, NSW",1364
"2573, NSW",1760
"2574, NSW",1961
"2575, NSW",5624
"2576, NSW",5871
"2577, NSW",6841
"2578, NSW",1186
"2579, NSW",1697
"2580, NSW",11712
"2581, NSW",946
"2582, NSW",4502
"2583, NSW",2118
"2584, NSW",255
"2585, NSW",152
"2586, NSW",1483
"2587, NSW",1313
"2588, NSW",152
"2590, NSW",3146
"2594, NSW",4736
"2619, NSW",3217
"2621, NSW",1987
"2622, NSW",1750
"2623, NSW",357
"2625, NSW",37
"2626, NSW",227
"2627, NSW",1830
"2628, NSW",916
"2629, NSW",488
"2630, NSW",3946
"2631, NSW",457
"2632, NSW",876
"2633, NSW",280
"2640, NSW",12510
"2641, NSW",5124
"2642, NSW",2191
"2643, NSW",1130
"2644, NSW",1263
"2645, NSW",188
"2646, NSW",2872
"2647, NSW",1018
"2648, NSW",1117
"2649, NSW",14
"2650, NSW",20095
"2651, NSW",603
"2652, NSW",2197
"2653, NSW",1010
"2655, NSW",452
"2656, NSW",567
"2658, NSW",673
"2659, NSW",402
"2660, NSW",739
"2661, NSW",89
"2663, NSW",1631
"2665, NSW",1092
"2666, NSW",2235
"2668, NSW",200
"2669, NSW",938
"2671, NSW",1703
"2672, NSW",695
"2675, NSW",656
"2678, NSW",0
"2680, NSW",8392
"2681, NSW",703
"2700, NSW",2054
"2701, NSW",921
"2702, NSW",297
"2703, NSW",280
"2705, NSW",3822
"2706, NSW",506
"2707, NSW",631
"2710, NSW",4664
"2711, NSW",1517
"2712, NSW",730
"2713, NSW",1381
"2714, NSW",1083
"2715, NSW",710
"2716, NSW",523
"2717, NSW",601
"2720, NSW",3428
"2721, NSW",177
"2722, NSW",1241
"2725, NSW",240
"2726, NSW",170
"2727, NSW",289
"2729, NSW",794
"2730, NSW",705
"2731, NSW",2293
"2732, NSW",913
"2733, NSW",302
"2735, NSW",292
"2736, NSW",217
"2737, NSW",334
"2738, NSW",454
"2739, NSW",570
"2745, NSW",8372
"2747, NSW",11553
"2748, NSW",585
"2749, NSW",5304
"2750, NSW",14595
"2752, NSW",1587
"2753, NSW",5954
"2754, NSW",1932
"2756, NSW",11259
"2757, NSW",317
"2758, NSW",3082
"2759, NSW",8260
"2760, NSW",9803
"2761, NSW",8121
"2762, NSW",1400
"2763, NSW",9677
"2765, NSW",4807
"2766, NSW",4309
"2767, NSW",6325
"2768, NSW",7743
"2769, NSW",976
"2770, NSW",17933
"2773, NSW",2138
"2774, NSW",4760
"2775, NSW",930
"2776, NSW",1519
"2777, NSW",6670
"2778, NSW",990
"2779, NSW",1855
"2780, NSW",6413
"2782, NSW",2848
"2783, NSW",1172
"2784, NSW",536
"2785, NSW",2709
"2786, NSW",627
"2787, NSW",2032
"2790, NSW",6431
"2791, NSW",283
"2792, NSW",236
"2793, NSW",624
"2794, NSW",4280
"2795, NSW",15189
"2797, NSW",123
"2798, NSW",890
"2799, NSW",1598
"2800, NSW",15931
"2803, NSW",171
"2804, NSW",1205
"2805, NSW",145
"2806, NSW",424
"2807, NSW",151
"2808, NSW",162
"2809, NSW",166
"2810, NSW",1398
"2820, NSW",3312
"2821, NSW",2021
"2823, NSW",611
"2824, NSW",1100
"2825, NSW",1154
"2827, NSW",1426
"2828, NSW",305
"2829, NSW",1461
"2830, NSW",13764
"2831, NSW",1765
"2832, NSW",1130
"2833, NSW",377
"2834, NSW",1324
"2835, NSW",1810
"2836, NSW",324
"2839, NSW",544
"2840, NSW",1232
"2842, NSW",244
"2843, NSW",578
"2844, NSW",699
"2845, NSW",719
"2846, NSW",244
"2847, NSW",1030
"2848, NSW",915
"2849, NSW",993
"2850, NSW",6991
"2852, NSW",1473
"2864, NSW",458
"2865, NSW",350
"2866, NSW",1132
"2867, NSW",288
"2868, NSW",236
"2869, NSW",758
"2870, NSW",4940
"2871, NSW",3755
"2873, NSW",367
"2874, NSW",201
"2875, NSW",511
"2876, NSW",157
"2877, NSW",1933
"2878, NSW",118
"2879, NSW",560
"2880, NSW",9338
"2898, NSW",159
"3000, Vic",84
"3002, Vic",700
"3003, Vic",643
"3004, Vic",11
"3005, Vic",0
"3006, Vic",163
"3008, Vic",105
"3010, Vic",17
"3011, Vic",5519
"3012, Vic",7719
"3013, Vic",5267
"3015, Vic",6323
"3016, Vic",5117
"3018, Vic",4609
"3019, Vic",2378
"3020, Vic",13595
"3021, Vic",16957
"3022, Vic",1078
"3023, Vic",18289
"3024, Vic",6504
"3025, Vic",4167
"3026, Vic",0
"3027, Vic",1183
"3028, Vic",10133
"3029, Vic",23364
"3030, Vic",27239
"3031, Vic",4941
"3032, Vic",7407
"3033, Vic",5088
"3034, Vic",4053
"3036, Vic",2180
"3037, Vic",13995
"3038, Vic",9163
"3039, Vic",4394
"3040, Vic",7522
"3041, Vic",3777
"3042, Vic",5588
"3043, Vic",6543
"3044, Vic",9102
"3045, Vic",29
"3046, Vic",11456
"3047, Vic",6125
"3048, Vic",5274
"3049, Vic",3145
"3051, Vic",2283
"3052, Vic",815
"3053, Vic",1604
"3054, Vic",3083
"3055, Vic",3901
"3056, Vic",6915
"3057, Vic",2746
"3058, Vic",11193
"3059, Vic",3544
"3060, Vic",4502
"3061, Vic",1625
"3062, Vic",0
"3063, Vic",235
"3064, Vic",16586
"3065, Vic",1864
"3066, Vic",1933
"3067, Vic",1509
"3068, Vic",6148
"3070, Vic",7775
"3071, Vic",5347
"3072, Vic",9948
"3073, Vic",17151
"3074, Vic",6979
"3075, Vic",7109
"3076, Vic",8450
"3078, Vic",3131
"3079, Vic",5066
"3081, Vic",4905
"3082, Vic",10028
"3083, Vic",9801
"3084, Vic",8564
"3085, Vic",5069
"3086, Vic",0
"3087, Vic",3481
"3088, Vic",9706
"3089, Vic",3811
"3090, Vic",639
"3091, Vic",503
"3093, Vic",1418
"3094, Vic",3508
"3095, Vic",9473
"3096, Vic",612
"3097, Vic",476
"3099, Vic",1717
"3101, Vic",7399
"3102, Vic",2022
"3103, Vic",5405
"3104, Vic",7237
"3105, Vic",4038
"3106, Vic",5543
"3107, Vic",4859
"3108, Vic",6967
"3109, Vic",9631
"3111, Vic",4299
"3113, Vic",2878
"3114, Vic",1194
"3115, Vic",1245
"3116, Vic",3410
"3121, Vic",7648
"3122, Vic",4566
"3123, Vic",3427
"3124, Vic",6445
"3125, Vic",4512
"3126, Vic",2580
"3127, Vic",6266
"3128, Vic",5821
"3129, Vic",6108
"3130, Vic",10992
"3131, Vic",7812
"3132, Vic",5848
"3133, Vic",7611
"3134, Vic",11626
"3135, Vic",7531
"3136, Vic",15955
"3137, Vic",4420
"3138, Vic",7422
"3139, Vic",5089
"3140, Vic",5533
"3141, Vic",3407
"3142, Vic",3390
"3143, Vic",2634
"3144, Vic",3032
"3145, Vic",6726
"3146, Vic",7329
"3147, Vic",4901
"3148, Vic",3050
"3149, Vic",11708
"3150, Vic",20604
"3151, Vic",3875
"3152, Vic",10953
"3153, Vic",7233
"3154, Vic",1551
"3155, Vic",8316
"3156, Vic",12805
"3158, Vic",2579
"3159, Vic",902
"3160, Vic",3337
"3161, Vic",3955
"3162, Vic",5434
"3163, Vic",7959
"3165, Vic",9620
"3166, Vic",6949
"3167, Vic",3222
"3168, Vic",4717
"3169, Vic",6068
"3170, Vic",6558
"3171, Vic",5807
"3172, Vic",7211
"3173, Vic",6439
"3174, Vic",9999
"3175, Vic",12444
"3177, Vic",3545
"3178, Vic",11425
"3179, Vic",2103
"3180, Vic",2732
"3181, Vic",4628
"3182, Vic",2708
"3183, Vic",3282
"3184, Vic",2441
"3185, Vic",3270
"3186, Vic",6960
"3187, Vic",5476
"3188, Vic",5738
"3189, Vic",2085
"3190, Vic",3917
"3191, Vic",3019
"3192, Vic",7212
"3193, Vic",7172
"3194, Vic",3540
"3195, Vic",11584
"3196, Vic",8719
"3197, Vic",4273
"3198, Vic",6082
"3199, Vic",20016
"3200, Vic",2344
"3201, Vic",6965
"3202, Vic",870
"3204, Vic",9197
"3205, Vic",2429
"3206, Vic",3758
"3207, Vic",3941
"3211, Vic",503
"3212, Vic",4923
"3214, Vic",9297
"3215, Vic",7966
"3216, Vic",19220
"3217, Vic",387
"3218, Vic",5010
"3219, Vic",7998
"3220, Vic",5797
"3221, Vic",3226
"3222, Vic",4991
"3223, Vic",5563
"3224, Vic",3665
"3225, Vic",3262
"3226, Vic",6046
"3227, Vic",2327
"3228, Vic",6933
"3230, Vic",2737
"3231, Vic",1784
"3232, Vic",1446
"3233, Vic",1927
"3235, Vic",209
"3236, Vic",174
"3237, Vic",308
"3238, Vic",120
"3239, Vic",236
"3240, Vic",755
"3241, Vic",1016
"3242, Vic",363
"3243, Vic",321
"3249, Vic",1221
"3250, Vic",4896
"3251, Vic",335
"3254, Vic",161
"3260, Vic",1975
"3264, Vic",987
"3265, Vic",1057
"3266, Vic",1393
"3267, Vic",117
"3268, Vic",1070
"3269, Vic",540
"3270, Vic",268
"3272, Vic",832
"3273, Vic",61
"3274, Vic",178
"3275, Vic",167
"3276, Vic",191
"3277, Vic",663
"3278, Vic",158
"3280, Vic",11371
"3281, Vic",594
"3282, Vic",927
"3283, Vic",355
"3284, Vic",1899
"3285, Vic",564
"3286, Vic",300
"3287, Vic",162
"3289, Vic",321
"3292, Vic",278
"3293, Vic",154
"3294, Vic",420
"3300, Vic",4387
"3301, Vic",686
"3302, Vic",238
"3303, Vic",214
"3304, Vic",1175
"3305, Vic",5521
"3309, Vic",108
"3310, Vic",196
"3311, Vic",813
"3312, Vic",477
"3314, Vic",346
"3315, Vic",851
"3317, Vic",191
"3318, Vic",491
"3319, Vic",170
"3321, Vic",451
"3324, Vic",320
"3325, Vic",306
"3328, Vic",528
"3329, Vic",135
"3330, Vic",206
"3331, Vic",1473
"3332, Vic",341
"3333, Vic",293
"3334, Vic",231
"3335, Vic",550
"3337, Vic",11651
"3338, Vic",6111
"3340, Vic",6546
"3341, Vic",614
"3342, Vic",1249
"3345, Vic",518
"3350, Vic",21835
"3351, Vic",3227
"3352, Vic",5630
"3355, Vic",5533
"3356, Vic",5247
"3357, Vic",1188
"3360, Vic",419
"3361, Vic",467
"3363, Vic",1343
"3364, Vic",936
"3370, Vic",834
"3371, Vic",588
"3373, Vic",928
"3374, Vic",243
"3375, Vic",129
"3377, Vic",3561
"3378, Vic",159
"3379, Vic",311
"3380, Vic",2729
"3381, Vic",801
"3384, Vic",431
"3385, Vic",282
"3387, Vic",164
"3388, Vic",275
"3390, Vic",475
"3391, Vic",130
"3392, Vic",343
"3393, Vic",1304
"3395, Vic",319
"3396, Vic",287
"3400, Vic",6013
"3401, Vic",1885
"3407, Vic",174
"3409, Vic",521
"3412, Vic",119
"3413, Vic",130
"3414, Vic",842
"3418, Vic",1268
"3419, Vic",502
"3420, Vic",166
"3423, Vic",350
"3424, Vic",405
"3427, Vic",921
"3428, Vic",241
"3429, Vic",12077
"3430, Vic",178
"3431, Vic",1316
"3433, Vic",101
"3434, Vic",1642
"3435, Vic",1126
"3437, Vic",3098
"3438, Vic",785
"3440, Vic",744
"3441, Vic",619
"3442, Vic",3037
"3444, Vic",3742
"3446, Vic",262
"3447, Vic",254
"3448, Vic",333
"3450, Vic",3144
"3451, Vic",2087
"3453, Vic",682
"3458, Vic",1043
"3460, Vic",1739
"3461, Vic",2358
"3462, Vic",549
"3463, Vic",1430
"3464, Vic",492
"3465, Vic",3895
"3467, Vic",639
"3468, Vic",134
"3469, Vic",247
"3472, Vic",766
"3475, Vic",180
"3477, Vic",218
"3478, Vic",1500
"3480, Vic",789
"3482, Vic",215
"3483, Vic",315
"3485, Vic",109
"3490, Vic",527
"3491, Vic",235
"3494, Vic",280
"3496, Vic",2401
"3498, Vic",1917
"3500, Vic",11916
"3501, Vic",660
"3505, Vic",1830
"3507, Vic",220
"3509, Vic",103
"3512, Vic",308
"3515, Vic",327
"3516, Vic",345
"3517, Vic",750
"3518, Vic",764
"3520, Vic",150
"3521, Vic",322
"3522, Vic",273
"3523, Vic",1890
"3525, Vic",644
"3527, Vic",425
"3530, Vic",174
"3531, Vic",157
"3533, Vic",427
"3537, Vic",544
"3540, Vic",181
"3542, Vic",96
"3544, Vic",179
"3546, Vic",203
"3549, Vic",1409
"3550, Vic",16497
"3551, Vic",8783
"3555, Vic",7401
"3556, Vic",4567
"3557, Vic",261
"3558, Vic",478
"3559, Vic",301
"3561, Vic",1946
"3562, Vic",133
"3563, Vic",358
"3564, Vic",5737
"3566, Vic",277
"3567, Vic",284
"3568, Vic",1357
"3570, Vic",235
"3571, Vic",148
"3572, Vic",95
"3573, Vic",251
"3575, Vic",427
"3579, Vic",2426
"3580, Vic",413
"3581, Vic",156
"3584, Vic",600
"3586, Vic",296
"3588, Vic",126
"3589, Vic",127
"3590, Vic",150
"3591, Vic",124
"3594, Vic",206
"3595, Vic",280
"3596, Vic",62
"3597, Vic",232
"3608, Vic",1154
"3610, Vic",623
"3612, Vic",844
"3614, Vic",281
"3616, Vic",1982
"3617, Vic",115
"3618, Vic",287
"3620, Vic",3212
"3621, Vic",885
"3622, Vic",136
"3623, Vic",412
"3624, Vic",249
"3629, Vic",3230
"3630, Vic",10970
"3631, Vic",3688
"3633, Vic",216
"3634, Vic",679
"3635, Vic",277
"3636, Vic",2217
"3637, Vic",271
"3638, Vic",859
"3639, Vic",277
"3640, Vic",446
"3641, Vic",499
"3646, Vic",366
"3649, Vic",174
"3658, Vic",2427
"3659, Vic",367
"3660, Vic",3178
"3662, Vic",294
"3663, Vic",21
"3664, Vic",488
"3666, Vic",2408
"3669, Vic",525
"3670, Vic",324
"3672, Vic",4587
"3673, Vic",741
"3675, Vic",618
"3677, Vic",7039
"3678, Vic",2701
"3682, Vic",273
"3683, Vic",713
"3685, Vic",1057
"3687, Vic",403
"3688, Vic",483
"3690, Vic",11708
"3691, Vic",2982
"3694, Vic",146
"3695, Vic",184
"3697, Vic",283
"3698, Vic",507
"3699, Vic",621
"3700, Vic",551
"3701, Vic",614
"3705, Vic",238
"3707, Vic",842
"3709, Vic",178
"3711, Vic",156
"3712, Vic",207
"3713, Vic",807
"3714, Vic",1672
"3715, Vic",267
"3717, Vic",1419
"3719, Vic",308
"3720, Vic",605
"3722, Vic",2142
"3723, Vic",2397
"3725, Vic",146
"3726, Vic",413
"3727, Vic",164
"3728, Vic",300
"3730, Vic",3514
"3732, Vic",196
"3733, Vic",222
"3735, Vic",252
"3737, Vic",1893
"3739, Vic",187
"3740, Vic",483
"3741, Vic",1792
"3744, Vic",181
"3746, Vic",125
"3747, Vic",1831
"3749, Vic",679
"3750, Vic",205
"3751, Vic",135
"3752, Vic",6802
"3753, Vic",313
"3754, Vic",6522
"3755, Vic",114
"3756, Vic",3188
"3757, Vic",2879
"3758, Vic",730
"3759, Vic",395
"3760, Vic",143
"3761, Vic",413
"3763, Vic",512
"3764, Vic",2703
"3765, Vic",2431
"3766, Vic",528
"3767, Vic",530
"3770, Vic",1162
"3775, Vic",1379
"3777, Vic",4145
"3778, Vic",277
"3779, Vic",151
"3781, Vic",1605
"3782, Vic",2869
"3783, Vic",808
"3785, Vic",0
"3786, Vic",632
"3787, Vic",459
"3788, Vic",738
"3789, Vic",123
"3791, Vic",627
"3792, Vic",399
"3793, Vic",1339
"3795, Vic",463
"3796, Vic",3312
"3797, Vic",1265
"3799, Vic",2826
"3800, Vic",0
"3802, Vic",8284
"3803, Vic",3222
"3804, Vic",1964
"3805, Vic",17432
"3806, Vic",15471
"3807, Vic",2186
"3808, Vic",978
"3809, Vic",718
"3810, Vic",12936
"3812, Vic",821
"3813, Vic",381
"3814, Vic",722
"3815, Vic",1022
"3816, Vic",781
"3818, Vic",4762
"3820, Vic",5660
"3821, Vic",1052
"3822, Vic",400
"3823, Vic",777
"3824, Vic",2008
"3825, Vic",8463
"3831, Vic",624
"3832, Vic",195
"3833, Vic",284
"3835, Vic",235
"3840, Vic",6856
"3842, Vic",1945
"3844, Vic",10513
"3847, Vic",908
"3850, Vic",5955
"3851, Vic",3729
"3852, Vic",22
"3854, Vic",548
"3856, Vic",357
"3857, Vic",147
"3858, Vic",1310
"3859, Vic",365
"3860, Vic",3128
"3862, Vic",1374
"3864, Vic",170
"3865, Vic",177
"3869, Vic",583
"3870, Vic",683
"3871, Vic",1198
"3873, Vic",197
"3874, Vic",373
"3875, Vic",6859
"3878, Vic",374
"3880, Vic",2195
"3882, Vic",411
"3885, Vic",809
"3886, Vic",187
"3887, Vic",151
"3888, Vic",1982
"3889, Vic",281
"3890, Vic",107
"3891, Vic",141
"3892, Vic",557
"3895, Vic",133
"3896, Vic",255
"3898, Vic",603
"3900, Vic",215
"3902, Vic",158
"3903, Vic",262
"3904, Vic",877
"3909, Vic",3846
"3910, Vic",7464
"3911, Vic",1221
"3912, Vic",5187
"3913, Vic",1212
"3915, Vic",3652
"3916, Vic",537
"3918, Vic",1226
"3919, Vic",1071
"3920, Vic",108
"3921, Vic",77
"3922, Vic",7691
"3923, Vic",540
"3925, Vic",2592
"3926, Vic",1859
"3927, Vic",1090
"3928, Vic",294
"3929, Vic",900
"3930, Vic",6403
"3931, Vic",9334
"3933, Vic",379
"3934, Vic",7383
"3936, Vic",6239
"3937, Vic",1147
"3938, Vic",1805
"3939, Vic",8054
"3940, Vic",3025
"3941, Vic",11204
"3942, Vic",3321
"3943, Vic",2779
"3944, Vic",1323
"3945, Vic",460
"3950, Vic",1948
"3951, Vic",444
"3953, Vic",3190
"3954, Vic",152
"3956, Vic",2674
"3957, Vic",239
"3958, Vic",222
"3959, Vic",1053
"3960, Vic",1173
"3962, Vic",649
"3965, Vic",204
"3966, Vic",379
"3971, Vic",2082
"3975, Vic",3743
"3976, Vic",7632
"3977, Vic",23041
"3978, Vic",451
"3979, Vic",330
"3980, Vic",1187
"3981, Vic",1579
"3984, Vic",2905
"3987, Vic",501
"3988, Vic",373
"3991, Vic",208
"3992, Vic",308
"3995, Vic",4890
"3996, Vic",3879
"4000, Qld",1041
"4005, Qld",1779
"4006, Qld",1326
"4007, Qld",2582
"4008, Qld",138
"4009, Qld",0
"4010, Qld",522
"4011, Qld",4073
"4012, Qld",5999
"4013, Qld",1387
"4014, Qld",4066
"4017, Qld",13457
"4018, Qld",3259
"4019, Qld",7155
"4020, Qld",7339
"4021, Qld",3869
"4022, Qld",2323
"4025, Qld",360
"4030, Qld",4372
"4031, Qld",4162
"4032, Qld",4793
"4034, Qld",16193
"4035, Qld",8029
"4036, Qld",2530
"4037, Qld",2516
"4051, Qld",8227
"4053, Qld",15919
"4054, Qld",5044
"4055, Qld",6781
"4059, Qld",3045
"4060, Qld",4102
"4061, Qld",5805
"4064, Qld",3166
"4065, Qld",3233
"4066, Qld",3287
"4067, Qld",1766
"4068, Qld",5409
"4069, Qld",11506
"4070, Qld",3627
"4072, Qld",17
"4073, Qld",3187
"4074, Qld",8576
"4075, Qld",7386
"4076, Qld",1667
"4077, Qld",8645
"4078, Qld",7995
"4101, Qld",3279
"4102, Qld",1579
"4103, Qld",3940
"4104, Qld",1712
"4105, Qld",4190
"4106, Qld",489
"4107, Qld",2343
"4108, Qld",1857
"4109, Qld",12496
"4110, Qld",3563
"4111, Qld",274
"4112, Qld",2424
"4113, Qld",9445
"4114, Qld",10555
"4115, Qld",5863
"4116, Qld",7481
"4117, Qld",426
"4118, Qld",9854
"4119, Qld",1874
"4120, Qld",2127
"4121, Qld",8727
"4122, Qld",14518
"4123, Qld",6038
"4124, Qld",6041
"4125, Qld",2473
"4127, Qld",8238
"4128, Qld",5605
"4129, Qld",2173
"4130, Qld",2696
"4131, Qld",3302
"4132, Qld",7376
"4133, Qld",5230
"4151, Qld",4240
"4152, Qld",15675
"4153, Qld",1592
"4154, Qld",3060
"4155, Qld",350
"4156, Qld",943
"4157, Qld",6775
"4158, Qld",1474
"4159, Qld",4933
"4160, Qld",6320
"4161, Qld",5885
"4163, Qld",5677
"4164, Qld",4396
"4165, Qld",11999
"4169, Qld",2263
"4170, Qld",8018
"4171, Qld",4728
"4172, Qld",1503
"4173, Qld",3082
"4174, Qld",1002
"4178, Qld",9035
"4179, Qld",6818
"4183, Qld",1430
"4184, Qld",4222
"4205, Qld",1900
"4207, Qld",17115
"4208, Qld",5505
"4209, Qld",11645
"4210, Qld",5894
"4211, Qld",20375
"4212, Qld",9113
"4213, Qld",9751
"4214, Qld",12255
"4215, Qld",12397
"4216, Qld",12536
"4217, Qld",7870
"4218, Qld",8901
"4219, Qld",237
"4220, Qld",9597
"4221, Qld",8780
"4223, Qld",4989
"4224, Qld",1966
"4225, Qld",1158
"4226, Qld",10771
"4227, Qld",6606
"4228, Qld",1685
"4229, Qld",131
"4230, Qld",475
"4270, Qld",1205
"4271, Qld",1269
"4272, Qld",1925
"4275, Qld",1120
"4280, Qld",4859
"4285, Qld",6786
"4287, Qld",297
"4300, Qld",15975
"4301, Qld",7748
"4303, Qld",1445
"4304, Qld",6164
"4305, Qld",22021
"4306, Qld",10978
"4307, Qld",438
"4309, Qld",1023
"4310, Qld",2658
"4311, Qld",3567
"4312, Qld",1463
"4313, Qld",846
"4340, Qld",2311
"4341, Qld",4989
"4342, Qld",824
"4343, Qld",3759
"4344, Qld",838
"4345, Qld",3
"4346, Qld",227
"4347, Qld",409
"4350, Qld",36992
"4352, Qld",8842
"4353, Qld",144
"4354, Qld",448
"4355, Qld",1240
"4356, Qld",1914
"4357, Qld",1038
"4358, Qld",771
"4359, Qld",497
"4360, Qld",190
"4361, Qld",964
"4362, Qld",1170
"4363, Qld",223
"4364, Qld",126
"4365, Qld",228
"4370, Qld",6931
"4371, Qld",348
"4372, Qld",89
"4373, Qld",563
"4374, Qld",209
"4375, Qld",70
"4376, Qld",137
"4377, Qld",199
"4378, Qld",205
"4380, Qld",3440
"4381, Qld",201
"4382, Qld",211
"4385, Qld",598
"4387, Qld",631
"4388, Qld",205
"4390, Qld",2367
"4400, Qld",704
"4401, Qld",2039
"4402, Qld",151
"4403, Qld",345
"4404, Qld",138
"4405, Qld",5275
"4406, Qld",698
"4407, Qld",299
"4408, Qld",436
"4410, Qld",605
"4411, Qld",169
"4412, Qld",173
"4413, Qld",2627
"4415, Qld",755
"4416, Qld",191
"4417, Qld",346
"4419, Qld",583
"4420, Qld",551
"4421, Qld",952
"4422, Qld",374
"4424, Qld",107
"4425, Qld",134
"4427, Qld",106
"4428, Qld",442
"4454, Qld",473
"4455, Qld",3284
"4462, Qld",71
"4465, Qld",802
"4468, Qld",172
"4470, Qld",1574
"4472, Qld",787
"4477, Qld",320
"4478, Qld",265
"4480, Qld",523
"4481, Qld",189
"4486, Qld",359
"4487, Qld",1304
"4488, Qld",164
"4490, Qld",920
"4492, Qld",164
"4494, Qld",99
"4496, Qld",179
"4497, Qld",215
"4498, Qld",101
"4500, Qld",13289
"4501, Qld",1764
"4502, Qld",2999
"4503, Qld",12646
"4504, Qld",5194
"4505, Qld",6653
"4506, Qld",6882
"4507, Qld",7613
"4508, Qld",7138
"4509, Qld",6878
"4510, Qld",15843
"4511, Qld",3172
"4512, Qld",1022
"4514, Qld",2145
"4515, Qld",1541
"4516, Qld",1206
"4517, Qld",215
"4518, Qld",1748
"4519, Qld",2943
"4520, Qld",4221
"4521, Qld",1758
"4550, Qld",1565
"4551, Qld",17441
"4552, Qld",3663
"4553, Qld",1872
"4554, Qld",683
"4555, Qld",2471
"4556, Qld",14956
"4557, Qld",5091
"4558, Qld",5213
"4559, Qld",2021
"4560, Qld",10550
"4561, Qld",2454
"4562, Qld",2907
"4563, Qld",3270
"4564, Qld",3632
"4565, Qld",5999
"4566, Qld",3186
"4567, Qld",4791
"4568, Qld",1388
"4569, Qld",661
"4570, Qld",16250
"4571, Qld",311
"4572, Qld",754
"4573, Qld",8666
"4574, Qld",501
"4575, Qld",8684
"4580, Qld",2198
"4581, Qld",1049
"4600, Qld",512
"4601, Qld",515
"4605, Qld",1643
"4606, Qld",897
"4608, Qld",427
"4610, Qld",5848
"4611, Qld",104
"4612, Qld",189
"4613, Qld",294
"4614, Qld",590
"4615, Qld",3069
"4620, Qld",284
"4621, Qld",666
"4625, Qld",1341
"4626, Qld",894
"4627, Qld",267
"4630, Qld",1370
"4650, Qld",13358
"4655, Qld",22150
"4659, Qld",2035
"4660, Qld",3362
"4662, Qld",368
"4670, Qld",30205
"4671, Qld",2511
"4673, Qld",199
"4674, Qld",733
"4676, Qld",114
"4677, Qld",1560
"4678, Qld",543
"4680, Qld",17941
"4694, Qld",106
"4695, Qld",520
"4699, Qld",224
"4700, Qld",6901
"4701, Qld",15370
"4702, Qld",10194
"4703, Qld",7886
"4705, Qld",139
"4707, Qld",269
"4709, Qld",502
"4710, Qld",1841
"4711, Qld",574
"4712, Qld",109
"4713, Qld",201
"4714, Qld",1446
"4715, Qld",2654
"4716, Qld",397
"4717, Qld",2237
"4718, Qld",1239
"4719, Qld",429
"4720, Qld",4479
"4721, Qld",1433
"4722, Qld",695
"4723, Qld",615
"4724, Qld",272
"4725, Qld",798
"4726, Qld",368
"4727, Qld",143
"4728, Qld",164
"4730, Qld",1497
"4731, Qld",130
"4733, Qld",222
"4735, Qld",458
"4737, Qld",2766
"4738, Qld",526
"4739, Qld",174
"4740, Qld",27311
"4741, Qld",3293
"4742, Qld",586
"4743, Qld",569
"4744, Qld",3276
"4745, Qld",1326
"4746, Qld",744
"4750, Qld",1949
"4751, Qld",1502
"4753, Qld",1032
"4754, Qld",668
"4756, Qld",223
"4757, Qld",223
"4798, Qld",320
"4799, Qld",435
"4800, Qld",3430
"4801, Qld",0
"4802, Qld",2647
"4803, Qld",215
"4804, Qld",1161
"4805, Qld",4043
"4806, Qld",1710
"4807, Qld",4302
"4808, Qld",511
"4809, Qld",529
"4810, Qld",5996
"4811, Qld",3954
"4812, Qld",6881
"4813, Qld",0
"4814, Qld",15106
"4815, Qld",7356
"4816, Qld",3438
"4817, Qld",10529
"4818, Qld",7438
"4819, Qld",1252
"4820, Qld",4151
"4821, Qld",688
"4822, Qld",397
"4823, Qld",388
"4824, Qld",1087
"4828, Qld",63
"4829, Qld",324
"4830, Qld",294
"4849, Qld",673
"4850, Qld",4937
"4852, Qld",1445
"4854, Qld",1961
"4855, Qld",372
"4856, Qld",241
"4857, Qld",82
"4858, Qld",499
"4859, Qld",178
"4860, Qld",4066
"4861, Qld",439
"4865, Qld",2731
"4868, Qld",7401
"4869, Qld",5979
"4870, Qld",19838
"4871, Qld",5484
"4872, Qld",1711
"4873, Qld",2594
"4874, Qld",1281
"4875, Qld",1920
"4876, Qld",413
"4877, Qld",1970
"4878, Qld",4214
"4879, Qld",6271
"4880, Qld",4381
"4881, Qld",1743
"4882, Qld",990
"4883, Qld",3053
"4884, Qld",815
"4885, Qld",1603
"4886, Qld",423
"4887, Qld",1014
"4888, Qld",1265
"4890, Qld",445
"4891, Qld",216
"4895, Qld",1501
"5000, SA",2725
"5005, SA",0
"5006, SA",2092
"5007, SA",2633
"5008, SA",5386
"5009, SA",1976
"5010, SA",1906
"5011, SA",3655
"5012, SA",3375
"5013, SA",3957
"5014, SA",4814
"5015, SA",2239
"5016, SA",3317
"5017, SA",2222
"5018, SA",2196
"5019, SA",3748
"5020, SA",1261
"5021, SA",2415
"5022, SA",5276
"5023, SA",6420
"5024, SA",5003
"5025, SA",3334
"5031, SA",3845
"5032, SA",4134
"5033, SA",2852
"5034, SA",3427
"5035, SA",1976
"5037, SA",3902
"5038, SA",5251
"5039, SA",3351
"5040, SA",987
"5041, SA",4514
"5042, SA",3764
"5043, SA",7337
"5044, SA",3896
"5045, SA",4852
"5046, SA",3397
"5047, SA",3227
"5048, SA",5477
"5049, SA",3921
"5050, SA",2084
"5051, SA",5213
"5052, SA",2442
"5061, SA",3638
"5062, SA",5312
"5063, SA",4214
"5064, SA",3531
"5065, SA",3151
"5066, SA",4384
"5067, SA",3922
"5068, SA",4162
"5069, SA",3076
"5070, SA",5269
"5072, SA",4638
"5073, SA",5663
"5074, SA",4749
"5075, SA",3932
"5076, SA",3502
"5081, SA",3236
"5082, SA",5580
"5083, SA",2616
"5084, SA",3632
"5085, SA",6129
"5086, SA",6018
"5087, SA",4165
"5088, SA",1393
"5089, SA",2470
"5090, SA",3237
"5091, SA",3008
"5092, SA",6464
"5093, SA",3592
"5094, SA",329
"5095, SA",6734
"5096, SA",5483
"5097, SA",5123
"5098, SA",4860
"5106, SA",0
"5107, SA",5631
"5108, SA",14027
"5109, SA",7923
"5110, SA",2858
"5111, SA",3
"5112, SA",7602
"5113, SA",7667
"5114, SA",10900
"5115, SA",2678
"5116, SA",3235
"5117, SA",730
"5118, SA",7059
"5120, SA",584
"5121, SA",551
"5125, SA",7063
"5126, SA",2863
"5127, SA",3061
"5131, SA",311
"5132, SA",130
"5133, SA",176
"5134, SA",187
"5136, SA",209
"5137, SA",177
"5138, SA",160
"5139, SA",79
"5140, SA",168
"5141, SA",254
"5142, SA",216
"5144, SA",171
"5151, SA",141
"5152, SA",2449
"5153, SA",2498
"5154, SA",1193
"5155, SA",1556
"5156, SA",399
"5157, SA",1070
"5158, SA",9033
"5159, SA",12738
"5160, SA",12
"5161, SA",4063
"5162, SA",13008
"5163, SA",5539
"5164, SA",2159
"5165, SA",2202
"5166, SA",824
"5167, SA",2229
"5168, SA",2001
"5169, SA",5765
"5170, SA",540
"5171, SA",2342
"5172, SA",1588
"5173, SA",5607
"5174, SA",1336
"5201, SA",725
"5202, SA",333
"5203, SA",540
"5204, SA",2301
"5210, SA",673
"5211, SA",8316
"5212, SA",1447
"5213, SA",1136
"5214, SA",5354
"5220, SA",69
"5221, SA",217
"5222, SA",603
"5223, SA",1998
"5231, SA",444
"5232, SA",168
"5233, SA",553
"5234, SA",529
"5235, SA",802
"5236, SA",238
"5237, SA",33
"5238, SA",2906
"5240, SA",211
"5241, SA",983
"5242, SA",447
"5243, SA",394
"5244, SA",1515
"5245, SA",1324
"5250, SA",1128
"5251, SA",5001
"5252, SA",2260
"5253, SA",7549
"5254, SA",1048
"5255, SA",3496
"5256, SA",853
"5259, SA",449
"5260, SA",843
"5261, SA",182
"5262, SA",259
"5263, SA",191
"5264, SA",750
"5265, SA",435
"5266, SA",148
"5267, SA",1016
"5268, SA",1382
"5269, SA",121
"5270, SA",399
"5271, SA",2891
"5272, SA",487
"5275, SA",1498
"5276, SA",1336
"5277, SA",1208
"5278, SA",239
"5279, SA",166
"5280, SA",3569
"5290, SA",9997
"5291, SA",3818
"5301, SA",263
"5302, SA",411
"5303, SA",196
"5304, SA",293
"5307, SA",306
"5308, SA",131
"5309, SA",87
"5311, SA",291
"5320, SA",535
"5321, SA",178
"5322, SA",599
"5330, SA",1373
"5331, SA",302
"5332, SA",70
"5333, SA",2442
"5340, SA",579
"5341, SA",3103
"5342, SA",478
"5343, SA",2230
"5344, SA",374
"5345, SA",1500
"5346, SA",186
"5350, SA",169
"5351, SA",2103
"5352, SA",2110
"5353, SA",1716
"5354, SA",551
"5355, SA",3063
"5356, SA",268
"5357, SA",618
"5360, SA",419
"5371, SA",486
"5372, SA",688
"5373, SA",1418
"5374, SA",682
"5381, SA",166
"5400, SA",346
"5401, SA",372
"5410, SA",106
"5411, SA",128
"5412, SA",556
"5413, SA",355
"5414, SA",116
"5415, SA",192
"5416, SA",69
"5417, SA",918
"5419, SA",135
"5421, SA",161
"5422, SA",1105
"5431, SA",458
"5433, SA",700
"5434, SA",139
"5440, SA",243
"5451, SA",318
"5452, SA",203
"5453, SA",2000
"5454, SA",200
"5460, SA",263
"5461, SA",1189
"5462, SA",160
"5464, SA",197
"5470, SA",132
"5472, SA",135
"5473, SA",366
"5480, SA",395
"5481, SA",280
"5482, SA",239
"5483, SA",216
"5485, SA",368
"5490, SA",82
"5491, SA",848
"5495, SA",380
"5501, SA",2614
"5502, SA",647
"5510, SA",198
"5520, SA",307
"5521, SA",184
"5522, SA",1311
"5523, SA",801
"5540, SA",6594
"5550, SA",453
"5552, SA",48
"5554, SA",2348
"5555, SA",263
"5556, SA",2472
"5558, SA",2905
"5560, SA",205
"5570, SA",622
"5571, SA",1638
"5572, SA",172
"5573, SA",1406
"5575, SA",2724
"5576, SA",599
"5577, SA",122
"5580, SA",213
"5581, SA",536
"5582, SA",424
"5583, SA",633
"5600, SA",3274
"5601, SA",144
"5602, SA",542
"5603, SA",199
"5604, SA",172
"5605, SA",920
"5606, SA",5823
"5607, SA",2476
"5608, SA",6379
"5609, SA",554
"5630, SA",95
"5631, SA",457
"5633, SA",219
"5640, SA",515
"5641, SA",566
"5642, SA",254
"5650, SA",147
"5652, SA",247
"5654, SA",200
"5670, SA",181
"5680, SA",1230
"5690, SA",1640
"5700, SA",4900
"5710, SA",1305
"5720, SA",244
"5722, SA",447
"5723, SA",1160
"5724, SA",230
"5725, SA",1442
"5731, SA",453
"5732, SA",72
"5734, SA",63
"5950, SA",0
"5960, SA",0
"6000, WA",1448
"6003, WA",645
"6004, WA",775
"6005, WA",802
"6006, WA",3294
"6007, WA",2495
"6008, WA",4869
"6009, WA",5477
"6010, WA",5591
"6011, WA",3089
"6012, WA",2814
"6014, WA",6014
"6015, WA",2401
"6016, WA",3491
"6017, WA",1402
"6018, WA",13977
"6019, WA",7549
"6020, WA",7514
"6021, WA",8090
"6022, WA",2068
"6023, WA",5615
"6024, WA",5313
"6025, WA",11835
"6026, WA",7930
"6027, WA",15318
"6028, WA",6678
"6029, WA",1053
"6030, WA",13861
"6031, WA",3890
"6032, WA",81
"6033, WA",315
"6035, WA",1879
"6036, WA",3742
"6037, WA",1106
"6041, WA",974
"6042, WA",97
"6043, WA",352
"6044, WA",1494
"6050, WA",4792
"6051, WA",3787
"6052, WA",4127
"6053, WA",5796
"6054, WA",7783
"6055, WA",4274
"6056, WA",14420
"6057, WA",6139
"6058, WA",4855
"6059, WA",9080
"6060, WA",9190
"6061, WA",13479
"6062, WA",12419
"6063, WA",4855
"6064, WA",10842
"6065, WA",18414
"6066, WA",6415
"6067, WA",27
"6068, WA",3
"6069, WA",9179
"6070, WA",1393
"6071, WA",1330
"6072, WA",323
"6073, WA",1242
"6074, WA",367
"6076, WA",8308
"6077, WA",454
"6078, WA",267
"6079, WA",0
"6081, WA",1696
"6082, WA",1162
"6083, WA",1463
"6084, WA",2481
"6090, WA",0
"6100, WA",4574
"6101, WA",6138
"6102, WA",3991
"6103, WA",2878
"6104, WA",5632
"6105, WA",5483
"6106, WA",0
"6107, WA",13568
"6108, WA",8461
"6109, WA",4235
"6110, WA",12627
"6111, WA",8371
"6112, WA",15277
"6121, WA",944
"6122, WA",3314
"6123, WA",513
"6124, WA",442
"6125, WA",1060
"6126, WA",124
"6147, WA",5759
"6148, WA",6744
"6149, WA",6580
"6150, WA",4392
"6151, WA",5033
"6152, WA",9892
"6153, WA",7729
"6154, WA",4015
"6155, WA",16153
"6156, WA",6237
"6157, WA",5454
"6158, WA",2635
"6159, WA",1159
"6160, WA",2829
"6161, WA",74
"6162, WA",4484
"6163, WA",18826
"6164, WA",16805
"6165, WA",42
"6166, WA",3147
"6167, WA",8563
"6168, WA",9454
"6169, WA",13771
"6170, WA",2343
"6171, WA",5683
"6172, WA",4836
"6173, WA",3479
"6174, WA",914
"6175, WA",1176
"6176, WA",239
"6180, WA",1348
"6181, WA",157
"6182, WA",0
"6207, WA",431
"6208, WA",4483
"6209, WA",769
"6210, WA",28112
"6211, WA",2831
"6213, WA",373
"6214, WA",144
"6215, WA",1836
"6218, WA",239
"6220, WA",1944
"6221, WA",189
"6224, WA",473
"6225, WA",3758
"6226, WA",238
"6227, WA",179
"6229, WA",174
"6230, WA",16521
"6232, WA",3684
"6233, WA",6157
"6236, WA",766
"6237, WA",969
"6239, WA",1680
"6240, WA",137
"6244, WA",801
"6251, WA",203
"6253, WA",369
"6254, WA",317
"6255, WA",1711
"6256, WA",110
"6258, WA",2762
"6260, WA",770
"6262, WA",676
"6271, WA",1279
"6275, WA",762
"6280, WA",10379
"6281, WA",3737
"6282, WA",897
"6284, WA",845
"6285, WA",3717
"6286, WA",341
"6288, WA",268
"6290, WA",1326
"6302, WA",1737
"6304, WA",916
"6306, WA",474
"6308, WA",816
"6309, WA",154
"6311, WA",268
"6312, WA",2080
"6313, WA",176
"6315, WA",928
"6316, WA",199
"6317, WA",1759
"6318, WA",122
"6320, WA",392
"6321, WA",129
"6322, WA",239
"6323, WA",479
"6324, WA",1438
"6326, WA",228
"6327, WA",126
"6328, WA",261
"6330, WA",14263
"6333, WA",3100
"6335, WA",402
"6336, WA",174
"6337, WA",308
"6338, WA",634
"6341, WA",167
"6343, WA",126
"6346, WA",360
"6348, WA",927
"6350, WA",126
"6352, WA",234
"6353, WA",339
"6355, WA",482
"6358, WA",133
"6359, WA",189
"6365, WA",313
"6367, WA",142
"6368, WA",112
"6369, WA",310
"6370, WA",276
"6373, WA",141
"6375, WA",460
"6383, WA",540
"6386, WA",136
"6390, WA",756
"6391, WA",453
"6392, WA",252
"6393, WA",212
"6394, WA",233
"6395, WA",734
"6396, WA",150
"6397, WA",172
"6398, WA",386
"6401, WA",3189
"6403, WA",98
"6405, WA",141
"6407, WA",458
"6409, WA",188
"6410, WA",527
"6413, WA",77
"6415, WA",1348
"6418, WA",336
"6421, WA",92
"6423, WA",159
"6425, WA",135
"6426, WA",571
"6429, WA",480
"6430, WA",8152
"6431, WA",167
"6432, WA",2801
"6434, WA",45
"6436, WA",93
"6437, WA",286
"6438, WA",293
"6440, WA",267
"6442, WA",1132
"6443, WA",538
"6445, WA",77
"6447, WA",218
"6448, WA",178
"6450, WA",5314
"6460, WA",481
"6461, WA",198
"6462, WA",158
"6468, WA",104
"6472, WA",143
"6475, WA",275
"6477, WA",210
"6479, WA",284
"6484, WA",58
"6485, WA",315
"6488, WA",216
"6490, WA",123
"6501, WA",401
"6502, WA",504
"6503, WA",975
"6505, WA",126
"6507, WA",173
"6509, WA",178
"6510, WA",863
"6511, WA",469
"6513, WA",67
"6514, WA",587
"6515, WA",231
"6516, WA",1175
"6517, WA",220
"6518, WA",58
"6519, WA",337
"6521, WA",188
"6522, WA",220
"6525, WA",1664
"6528, WA",133
"6530, WA",12651
"6532, WA",2225
"6535, WA",847
"6536, WA",882
"6537, WA",350
"6556, WA",742
"6558, WA",333
"6560, WA",502
"6562, WA",528
"6564, WA",153
"6566, WA",1521
"6567, WA",240
"6568, WA",129
"6569, WA",177
"6575, WA",101
"6603, WA",501
"6606, WA",180
"6608, WA",115
"6609, WA",274
"6612, WA",154
"6620, WA",84
"6623, WA",584
"6628, WA",108
"6630, WA",248
"6635, WA",127
"6638, WA",310
"6639, WA",56
"6640, WA",133
"6642, WA",373
"6646, WA",147
"6701, WA",2109
"6705, WA",114
"6707, WA",956
"6710, WA",329
"6713, WA",398
"6714, WA",5333
"6716, WA",266
"6718, WA",240
"6720, WA",819
"6721, WA",1377
"6722, WA",3234
"6725, WA",2904
"6726, WA",1783
"6728, WA",1673
"6740, WA",582
"6743, WA",1796
"6751, WA",1309
"6753, WA",1970
"6754, WA",618
"6758, WA",51
"6760, WA",153
"6762, WA",65
"6765, WA",367
"6770, WA",864
"6907, WA",39
"7000, Tas",4894
"7004, Tas",2730
"7005, Tas",4329
"7007, Tas",1112
"7008, Tas",4383
"7009, Tas",4924
"7010, Tas",6042
"7011, Tas",5670
"7012, Tas",321
"7015, Tas",4197
"7016, Tas",927
"7017, Tas",1730
"7018, Tas",8416
"7019, Tas",2123
"7020, Tas",925
"7021, Tas",909
"7022, Tas",430
"7023, Tas",263
"7024, Tas",238
"7025, Tas",718
"7026, Tas",357
"7027, Tas",186
"7030, Tas",7590
"7050, Tas",4576
"7052, Tas",2545
"7053, Tas",1358
"7054, Tas",3037
"7055, Tas",164
"7109, Tas",3561
"7112, Tas",1493
"7113, Tas",422
"7116, Tas",1115
"7117, Tas",456
"7120, Tas",959
"7140, Tas",4576
"7150, Tas",1735
"7155, Tas",416
"7162, Tas",299
"7163, Tas",115
"7170, Tas",1670
"7171, Tas",1317
"7172, Tas",1234
"7173, Tas",3401
"7176, Tas",181
"7177, Tas",272
"7178, Tas",312
"7179, Tas",373
"7180, Tas",183
"7182, Tas",259
"7183, Tas",47
"7184, Tas",705
"7186, Tas",289
"7190, Tas",2418
"7209, Tas",262
"7210, Tas",605
"7211, Tas",216
"7212, Tas",802
"7213, Tas",176
"7214, Tas",361
"7215, Tas",2502
"7216, Tas",2468
"7248, Tas",6178
"7249, Tas",4922
"7250, Tas",18936
"7252, Tas",1238
"7253, Tas",2255
"7254, Tas",273
"7255, Tas",566
"7256, Tas",859
"7257, Tas",54
"7258, Tas",351
"7259, Tas",219
"7260, Tas",1379
"7261, Tas",100
"7262, Tas",1037
"7263, Tas",317
"7264, Tas",560
"7265, Tas",139
"7267, Tas",347
"7268, Tas",456
"7270, Tas",2364
"7275, Tas",1340
"7276, Tas",261
"7277, Tas",1950
"7290, Tas",794
"7291, Tas",372
"7292, Tas",309
"7300, Tas",1204
"7301, Tas",1742
"7302, Tas",746
"7303, Tas",996
"7304, Tas",2637
"7305, Tas",530
"7306, Tas",1719
"7307, Tas",4228
"7310, Tas",11275
"7315, Tas",5685
"7316, Tas",2487
"7320, Tas",6893
"7321, Tas",2393
"7322, Tas",1525
"7325, Tas",3614
"7330, Tas",2801
"7331, Tas",249
"7467, Tas",1063
"7468, Tas",428
"7469, Tas",653
"7470, Tas",571
"0800, NT",56
"0810, NT",8998
"0812, NT",6262
"0820, NT",4843
"0822, NT",5293
"0828, NT",216
"0829, NT",47
"0830, NT",6000
"0832, NT",3046
"0835, NT",1720
"0836, NT",2374
"0837, NT",174
"0838, NT",233
"0840, NT",261
"0841, NT",266
"0845, NT",200
"0846, NT",75
"0847, NT",93
"0850, NT",2370
"0852, NT",1836
"0853, NT",191
"0854, NT",160
"0860, NT",928
"0862, NT",164
"0870, NT",7970
"0880, NT",1493
"0885, NT",347
"0886, NT",306
"2600, ACT",2407
"2601, ACT",9
"2602, ACT",10674
"2603, ACT",2497
"2604, ACT",2284
"2605, ACT",3932
"2606, ACT",2652
"2607, ACT",5120
"2609, ACT",231
"2611, ACT",9222
"2612, ACT",2750
"2614, ACT",7555
"2615, ACT",16592
"2617, ACT",9426
"2900, ACT",521
"2902, ACT",6020
"2903, ACT",3560
"2904, ACT",4872
"2905, ACT",10407
"2906, ACT",6494
"2911, ACT",330
"2912, ACT",2232
"2913, ACT",9361
"2914, ACT",4829
"6798, OT",324
"6799, OT",154
2540 crosses NSW/OT,23009
2618 crosses NSW/ACT,517
2620 crosses NSW/ACT,12339
3585 crosses Vic./NSW,4137
3644 crosses Vic./NSW,3578
4383 crosses Qld/NSW,355
4825 crosses Qld/NT,6572
0872 crosses NT/SA/WA,3935
